Student_ID,Age,Gender,Academic_Level,Country,Avg_Daily_Usage_Hours,Most_Used_Platform,Affects_Academic_Performance,Sleep_Hours_Per_Night,Mental_Health_Score,Relationship_Status,Conflicts_Over_Social_Media,Addicted_Score,Risk_Level,Age_Group
1,19,Female,Undergraduate,Bangladesh,5.2,Instagram,Yes,6.5,6,In Relationship,3,8,High Risk (8-10),19
2,22,Male,Graduate,India,2.1,Twitter,No,7.5,8,Single,0,3,Low Risk (1-5),22
3,20,Female,Undergraduate,USA,6.0,TikTok,Yes,5.0,5,Complicated,4,9,High Risk (8-10),20
4,18,Male,High School,UK,3.0,YouTube,No,7.0,7,Single,1,4,Low Risk (1-5),18
5,21,Male,Graduate,Canada,4.5,Facebook,Yes,6.0,6,In Relationship,2,7,Medium Risk (6-7),21
6,19,Female,Undergraduate,Australia,7.2,Instagram,Yes,4.5,4,Complicated,5,9,High Risk (8-10),19
7,23,Male,Graduate,Germany,1.5,LinkedIn,No,8.0,9,Single,0,2,Low Risk (1-5),23
8,20,Female,Undergraduate,Brazil,5.8,Snapchat,Yes,6.0,6,In Relationship,2,8,High Risk (8-10),20
9,18,Male,High School,Japan,4.0,TikTok,No,6.5,7,Single,1,5,Low Risk (1-5),18
10,21,Female,Graduate,South Korea,3.3,Instagram,No,7.0,7,In Relationship,1,4,Low Risk (1-5),21
11,19,Male,Undergraduate,France,4.8,Snapchat,Yes,6.2,5,Complicated,3,7,Medium Risk (6-7),19
12,20,Female,Undergraduate,Spain,5.5,TikTok,Yes,5.8,6,In Relationship,2,8,High Risk (8-10),20
13,22,Male,Graduate,Italy,2.8,LinkedIn,No,7.2,8,Single,1,4,Low Risk (1-5),22
14,18,Female,High School,Mexico,6.5,Instagram,Yes,5.5,5,Single,4,9,High Risk (8-10),18
15,21,Male,Undergraduate,Russia,3.7,YouTube,No,6.8,7,In Relationship,2,5,Low Risk (1-5),21
16,20,Female,Undergraduate,China,4.2,TikTok,Yes,6.0,6,Complicated,3,7,Medium Risk (6-7),20
17,24,Male,Graduate,Sweden,2.0,LinkedIn,No,7.8,8,Single,0,3,Low Risk (1-5),24
18,19,Female,High School,Norway,5.0,Instagram,Yes,5.7,5,In Relationship,3,8,High Risk (8-10),19
19,21,Male,Undergraduate,Denmark,3.5,Facebook,No,6.7,7,Single,1,5,Low Risk (1-5),21
20,20,Female,Undergraduate,Netherlands,4.7,Snapchat,Yes,5.9,6,Complicated,3,7,Medium Risk (6-7),20
21,18,Male,High School,Belgium,5.3,TikTok,Yes,5.5,5,Single,4,8,High Risk (8-10),18
22,23,Female,Graduate,Switzerland,2.5,LinkedIn,No,7.3,8,In Relationship,1,4,Low Risk (1-5),23
23,19,Male,Undergraduate,Austria,4.9,Instagram,Yes,5.8,6,Complicated,3,7,Medium Risk (6-7),19
24,20,Female,Undergraduate,Portugal,5.7,TikTok,Yes,5.4,5,Single,4,8,High Risk (8-10),20
25,22,Male,Graduate,Greece,3.2,Facebook,No,6.9,7,In Relationship,2,5,Low Risk (1-5),22
26,19,Female,High School,Ireland,6.1,Instagram,Yes,5.2,5,Complicated,4,9,High Risk (8-10),19
27,21,Male,Undergraduate,New Zealand,3.8,YouTube,No,6.6,7,Single,1,5,Low Risk (1-5),21
28,20,Female,Undergraduate,Singapore,4.4,TikTok,Yes,5.9,6,In Relationship,3,7,Medium Risk (6-7),20
29,24,Male,Graduate,Malaysia,2.2,LinkedIn,No,7.4,8,Single,0,3,Low Risk (1-5),24
30,19,Female,High School,Thailand,5.9,Instagram,Yes,5.3,5,Complicated,4,8,High Risk (8-10),19
31,21,Male,Undergraduate,Vietnam,3.6,Facebook,No,6.7,7,Single,1,5,Low Risk (1-5),21
32,20,Female,Undergraduate,Philippines,4.8,Snapchat,Yes,5.7,6,In Relationship,3,7,Medium Risk (6-7),20
33,18,Male,High School,Indonesia,5.4,TikTok,Yes,5.4,5,Complicated,4,8,High Risk (8-10),18
34,23,Female,Graduate,Taiwan,2.6,LinkedIn,No,7.2,8,Single,1,4,Low Risk (1-5),23
35,19,Male,Undergraduate,Hong Kong,4.7,Instagram,Yes,5.8,6,In Relationship,3,7,Medium Risk (6-7),19
36,20,Female,Undergraduate,Turkey,5.6,TikTok,Yes,5.5,5,Complicated,4,8,High Risk (8-10),20
37,22,Male,Graduate,Israel,3.1,Facebook,No,6.8,7,Single,1,5,Low Risk (1-5),22
38,19,Female,High School,UAE,6.2,Instagram,Yes,5.1,5,In Relationship,4,9,High Risk (8-10),19
39,21,Male,Undergraduate,Egypt,3.9,YouTube,No,6.5,7,Complicated,2,6,Medium Risk (6-7),21
40,20,Female,Undergraduate,Morocco,4.5,TikTok,Yes,5.8,6,Single,3,7,Medium Risk (6-7),20
41,24,Male,Graduate,South Africa,2.3,LinkedIn,No,7.3,8,In Relationship,1,4,Low Risk (1-5),24
42,19,Female,High School,Nigeria,5.8,Instagram,Yes,5.4,5,Complicated,4,8,High Risk (8-10),19
43,21,Male,Undergraduate,Kenya,3.7,Facebook,No,6.6,7,Single,2,5,Low Risk (1-5),21
44,20,Female,Undergraduate,Ghana,4.6,Snapchat,Yes,5.7,6,In Relationship,3,7,Medium Risk (6-7),20
45,18,Male,High School,Argentina,5.5,TikTok,Yes,5.3,5,Single,4,8,High Risk (8-10),18
46,23,Female,Graduate,Chile,2.7,LinkedIn,No,7.1,8,Complicated,1,4,Low Risk (1-5),23
47,19,Male,Undergraduate,Colombia,4.8,Instagram,Yes,5.9,6,In Relationship,3,7,Medium Risk (6-7),19
48,20,Female,Undergraduate,Peru,5.5,TikTok,Yes,5.6,5,Single,4,8,High Risk (8-10),20
49,22,Male,Graduate,Venezuela,3.3,Facebook,No,6.7,7,In Relationship,2,5,Low Risk (1-5),22
50,19,Female,High School,Ecuador,6.3,Instagram,Yes,5.2,5,Complicated,4,9,High Risk (8-10),19
51,21,Male,Undergraduate,Uruguay,3.8,YouTube,No,6.4,7,Single,2,6,Medium Risk (6-7),21
52,20,Female,Undergraduate,Paraguay,4.7,TikTok,Yes,5.8,6,In Relationship,3,7,Medium Risk (6-7),20
53,24,Male,Graduate,Bolivia,2.4,LinkedIn,No,7.2,8,Complicated,1,4,Low Risk (1-5),24
54,19,Female,High School,Costa Rica,5.7,Instagram,Yes,5.5,5,Single,4,8,High Risk (8-10),19
55,21,Male,Undergraduate,Panama,3.6,Facebook,No,6.5,7,In Relationship,2,5,Low Risk (1-5),21
56,20,Female,Undergraduate,Jamaica,4.9,Snapchat,Yes,5.6,6,Complicated,3,7,Medium Risk (6-7),20
57,18,Male,High School,Trinidad,5.6,TikTok,Yes,5.2,5,Single,4,8,High Risk (8-10),18
58,23,Female,Graduate,Bahamas,2.8,LinkedIn,No,7.0,8,In Relationship,1,4,Low Risk (1-5),23
59,19,Male,Undergraduate,Iceland,4.6,Instagram,Yes,5.9,6,Complicated,3,7,Medium Risk (6-7),19
60,20,Female,Undergraduate,Finland,5.4,TikTok,Yes,5.7,5,Single,4,8,High Risk (8-10),20
61,22,Male,Graduate,Poland,3.1,Facebook,No,7.1,7,Single,1,5,Low Risk (1-5),22
62,19,Female,Undergraduate,Romania,5.6,Instagram,Yes,5.6,5,In Relationship,3,8,High Risk (8-10),19
63,20,Male,Undergraduate,Hungary,4.2,TikTok,Yes,6.0,6,Complicated,3,7,Medium Risk (6-7),20
64,18,Female,High School,Czech Republic,6.1,Snapchat,Yes,5.2,4,Single,4,9,High Risk (8-10),18
65,23,Male,Graduate,Slovakia,2.3,LinkedIn,No,7.4,8,In Relationship,1,3,Low Risk (1-5),23
66,21,Female,Undergraduate,Croatia,4.8,Instagram,Yes,5.8,6,Single,3,7,Medium Risk (6-7),21
67,20,Male,Undergraduate,Serbia,3.9,YouTube,No,6.5,7,Complicated,2,6,Medium Risk (6-7),20
68,19,Female,High School,Slovenia,5.7,TikTok,Yes,5.4,5,In Relationship,4,8,High Risk (8-10),19
69,22,Male,Graduate,Bulgaria,2.8,LinkedIn,No,7.2,8,Single,1,4,Low Risk (1-5),22
70,20,Female,Undergraduate,Estonia,4.5,Instagram,Yes,5.9,6,Complicated,3,7,Medium Risk (6-7),20
71,18,Male,High School,Latvia,5.4,Snapchat,Yes,5.5,5,Single,4,8,High Risk (8-10),18
72,21,Female,Graduate,Lithuania,3.2,Facebook,No,6.8,7,In Relationship,2,5,Low Risk (1-5),21
73,19,Male,Undergraduate,Ukraine,4.9,TikTok,Yes,5.7,6,Complicated,3,7,Medium Risk (6-7),19
74,20,Female,Undergraduate,Moldova,5.8,Instagram,Yes,5.3,5,Single,4,8,High Risk (8-10),20
75,23,Male,Graduate,Belarus,2.5,LinkedIn,No,7.3,8,In Relationship,1,4,Low Risk (1-5),23
76,21,Female,Undergraduate,Kazakhstan,4.6,Snapchat,Yes,5.8,6,Single,3,7,Medium Risk (6-7),21
77,19,Male,High School,Uzbekistan,5.5,TikTok,Yes,5.4,5,Complicated,4,8,High Risk (8-10),19
78,22,Female,Graduate,Kyrgyzstan,2.9,Facebook,No,7.0,7,In Relationship,2,5,Low Risk (1-5),22
79,20,Male,Undergraduate,Tajikistan,4.7,YouTube,Yes,5.9,6,Single,3,7,Medium Risk (6-7),20
80,18,Female,High School,Armenia,5.9,Instagram,Yes,5.2,5,Complicated,4,9,High Risk (8-10),18
81,21,Male,Graduate,Georgia,3.0,LinkedIn,No,7.1,8,In Relationship,1,4,Low Risk (1-5),21
82,19,Female,Undergraduate,Azerbaijan,4.8,TikTok,Yes,5.7,6,Single,3,7,Medium Risk (6-7),19
83,20,Male,Undergraduate,Cyprus,3.8,Facebook,No,6.6,7,Complicated,2,6,Medium Risk (6-7),20
84,22,Female,Graduate,Malta,2.7,LinkedIn,No,7.2,8,In Relationship,1,4,Low Risk (1-5),22
85,18,Male,High School,Luxembourg,5.6,Snapchat,Yes,5.3,5,Single,4,8,High Risk (8-10),18
86,21,Female,Undergraduate,Monaco,4.5,Instagram,Yes,5.8,6,Complicated,3,7,Medium Risk (6-7),21
87,19,Male,High School,Andorra,5.3,TikTok,Yes,5.5,5,In Relationship,4,8,High Risk (8-10),19
88,23,Female,Graduate,San Marino,2.6,LinkedIn,No,7.3,8,Single,1,4,Low Risk (1-5),23
89,20,Male,Undergraduate,Vatican City,4.4,YouTube,Yes,6.0,6,Complicated,3,7,Medium Risk (6-7),20
90,18,Female,High School,Liechtenstein,5.8,Instagram,Yes,5.2,5,Single,4,9,High Risk (8-10),18
91,22,Male,Graduate,Montenegro,2.9,Facebook,No,7.0,7,In Relationship,2,5,Low Risk (1-5),22
92,19,Female,Undergraduate,Albania,4.7,TikTok,Yes,5.8,6,Complicated,3,7,Medium Risk (6-7),19
93,21,Male,Undergraduate,North Macedonia,3.7,Snapchat,No,6.5,7,Single,2,6,Medium Risk (6-7),21
94,20,Female,High School,Kosovo,5.5,Instagram,Yes,5.4,5,In Relationship,4,8,High Risk (8-10),20
95,23,Male,Graduate,Bosnia,2.4,LinkedIn,No,7.4,8,Complicated,1,4,Low Risk (1-5),23
96,19,Female,Undergraduate,Qatar,4.9,TikTok,Yes,5.7,6,Single,3,7,Medium Risk (6-7),19
97,18,Male,High School,Kuwait,5.7,Snapchat,Yes,5.3,5,In Relationship,4,8,High Risk (8-10),18
98,22,Female,Graduate,Bahrain,2.8,LinkedIn,No,7.1,8,Complicated,1,4,Low Risk (1-5),22
99,20,Male,Undergraduate,Oman,4.6,Instagram,Yes,5.9,6,Single,3,7,Medium Risk (6-7),20
100,21,Female,Undergraduate,Jordan,5.4,TikTok,Yes,5.5,5,In Relationship,4,8,High Risk (8-10),21
101,19,Male,High School,Lebanon,5.8,YouTube,Yes,5.2,5,Complicated,4,9,High Risk (8-10),19
102,23,Female,Graduate,Iraq,2.5,LinkedIn,No,7.3,8,Single,1,4,Low Risk (1-5),23
103,20,Male,Undergraduate,Yemen,4.7,Facebook,Yes,5.8,6,In Relationship,3,7,Medium Risk (6-7),20
104,18,Female,High School,Syria,5.6,Instagram,Yes,5.4,5,Single,4,8,High Risk (8-10),18
105,22,Male,Graduate,Afghanistan,2.9,LinkedIn,No,7.0,7,Complicated,2,5,Low Risk (1-5),22
106,19,Female,Undergraduate,Pakistan,4.8,TikTok,Yes,5.7,6,In Relationship,3,7,Medium Risk (6-7),19
107,21,Male,Undergraduate,Nepal,3.8,YouTube,No,6.6,7,Single,2,6,Medium Risk (6-7),21
108,20,Female,High School,Bhutan,5.5,Snapchat,Yes,5.5,5,Complicated,4,8,High Risk (8-10),20
109,23,Male,Graduate,Sri Lanka,2.6,LinkedIn,No,7.2,8,In Relationship,1,4,Low Risk (1-5),23
110,19,Female,Undergraduate,Maldives,4.9,Instagram,Yes,5.8,6,Single,3,7,Medium Risk (6-7),19
111,20,Male,Undergraduate,Bangladesh,6.1,Instagram,Yes,6.2,5,Single,4,8,High Risk (8-10),20
112,21,Female,Undergraduate,India,5.8,TikTok,Yes,5.9,6,In Relationship,3,7,Medium Risk (6-7),21
113,19,Male,Undergraduate,Nepal,4.9,Facebook,No,7.1,7,Single,2,5,Low Risk (1-5),19
114,22,Female,Graduate,Pakistan,5.5,Instagram,Yes,6.0,5,Single,4,8,High Risk (8-10),22
115,20,Male,Undergraduate,Sri Lanka,5.2,TikTok,Yes,6.3,6,In Relationship,3,7,Medium Risk (6-7),20
116,19,Female,Undergraduate,Maldives,4.8,Instagram,No,7.2,8,Single,2,5,Low Risk (1-5),19
117,21,Male,Graduate,Bangladesh,6.0,Facebook,Yes,5.8,5,In Relationship,4,8,High Risk (8-10),21
118,20,Female,Undergraduate,India,5.7,Instagram,Yes,6.1,6,Single,3,7,Medium Risk (6-7),20
119,22,Male,Graduate,Nepal,4.7,TikTok,No,7.3,7,Single,2,5,Low Risk (1-5),22
120,19,Female,Undergraduate,Pakistan,5.4,Instagram,Yes,6.2,5,In Relationship,4,8,High Risk (8-10),19
121,20,Male,Undergraduate,Sri Lanka,5.9,Facebook,Yes,5.9,6,Single,3,7,Medium Risk (6-7),20
122,21,Female,Graduate,Maldives,4.6,Instagram,No,7.4,8,In Relationship,2,5,Low Risk (1-5),21
123,19,Male,Undergraduate,Bangladesh,5.3,TikTok,Yes,6.3,5,Single,4,8,High Risk (8-10),19
124,22,Female,Graduate,India,5.8,Instagram,Yes,5.8,6,In Relationship,3,7,Medium Risk (6-7),22
125,20,Male,Undergraduate,Nepal,4.5,Facebook,No,7.5,7,Single,2,5,Low Risk (1-5),20
126,21,Female,Graduate,Pakistan,5.2,Instagram,Yes,6.4,5,In Relationship,4,8,High Risk (8-10),21
127,19,Male,Undergraduate,Sri Lanka,5.7,TikTok,Yes,5.7,6,Single,3,7,Medium Risk (6-7),19
128,20,Female,Undergraduate,Maldives,4.4,Instagram,No,7.6,8,In Relationship,2,5,Low Risk (1-5),20
129,22,Male,Graduate,Bangladesh,5.1,Facebook,Yes,6.5,5,Single,4,8,High Risk (8-10),22
130,21,Female,Graduate,India,5.6,Instagram,Yes,5.6,6,In Relationship,3,7,Medium Risk (6-7),21
131,19,Male,Undergraduate,Nepal,4.3,TikTok,No,7.7,7,Single,2,5,Low Risk (1-5),19
132,20,Female,Undergraduate,Pakistan,5.0,Instagram,Yes,6.6,5,In Relationship,4,8,High Risk (8-10),20
133,22,Male,Graduate,Sri Lanka,5.5,Facebook,Yes,5.5,6,Single,3,7,Medium Risk (6-7),22
134,21,Female,Graduate,Maldives,4.2,Instagram,No,7.8,8,In Relationship,2,5,Low Risk (1-5),21
135,19,Male,Undergraduate,Bangladesh,4.9,TikTok,Yes,6.7,5,Single,4,8,High Risk (8-10),19
136,20,Female,Undergraduate,India,5.4,Instagram,Yes,5.4,6,In Relationship,3,7,Medium Risk (6-7),20
137,22,Male,Graduate,Nepal,4.1,Facebook,No,7.9,7,Single,2,5,Low Risk (1-5),22
138,21,Female,Graduate,Pakistan,4.8,Instagram,Yes,6.8,5,In Relationship,4,8,High Risk (8-10),21
139,19,Male,Undergraduate,Sri Lanka,5.3,TikTok,Yes,5.3,6,Single,3,7,Medium Risk (6-7),19
140,20,Female,Undergraduate,Maldives,4.0,Instagram,No,8.0,8,In Relationship,2,5,Low Risk (1-5),20
141,22,Male,Graduate,Bangladesh,4.7,Facebook,Yes,6.9,5,Single,4,8,High Risk (8-10),22
142,21,Female,Graduate,India,5.2,Instagram,Yes,5.2,6,In Relationship,3,7,Medium Risk (6-7),21
143,19,Male,Undergraduate,Nepal,3.9,TikTok,No,8.1,7,Single,2,5,Low Risk (1-5),19
144,20,Female,Undergraduate,Pakistan,4.6,Instagram,Yes,7.0,5,In Relationship,4,8,High Risk (8-10),20
145,22,Male,Graduate,Sri Lanka,5.1,Facebook,Yes,5.1,6,Single,3,7,Medium Risk (6-7),22
146,21,Female,Graduate,Maldives,3.8,Instagram,No,8.2,8,In Relationship,2,5,Low Risk (1-5),21
147,19,Male,Undergraduate,Bangladesh,4.5,TikTok,Yes,7.1,5,Single,4,8,High Risk (8-10),19
148,20,Female,Undergraduate,India,5.0,Instagram,Yes,5.0,6,In Relationship,3,7,Medium Risk (6-7),20
149,22,Male,Graduate,Nepal,3.7,Facebook,No,8.3,7,Single,2,5,Low Risk (1-5),22
150,21,Female,Graduate,Pakistan,4.4,Instagram,Yes,7.2,5,In Relationship,4,8,High Risk (8-10),21
151,19,Male,Undergraduate,Sri Lanka,4.9,TikTok,Yes,4.9,6,Single,3,7,Medium Risk (6-7),19
152,20,Female,Undergraduate,Maldives,3.6,Instagram,No,8.4,8,In Relationship,2,5,Low Risk (1-5),20
153,22,Male,Graduate,Bangladesh,4.3,Facebook,Yes,7.3,5,Single,4,8,High Risk (8-10),22
154,21,Female,Graduate,India,4.8,Instagram,Yes,4.8,6,In Relationship,3,7,Medium Risk (6-7),21
155,19,Male,Undergraduate,Nepal,3.5,TikTok,No,8.5,7,Single,2,5,Low Risk (1-5),19
156,20,Female,Undergraduate,Pakistan,4.2,Instagram,Yes,7.4,5,In Relationship,4,8,High Risk (8-10),20
157,22,Male,Graduate,Sri Lanka,4.7,Facebook,Yes,4.7,6,Single,3,7,Medium Risk (6-7),22
158,21,Female,Graduate,Maldives,3.4,Instagram,No,8.6,8,In Relationship,2,5,Low Risk (1-5),21
159,19,Male,Undergraduate,Bangladesh,4.1,TikTok,Yes,7.5,5,Single,4,8,High Risk (8-10),19
160,20,Female,Undergraduate,India,4.6,Instagram,Yes,4.6,6,In Relationship,3,7,Medium Risk (6-7),20
161,19,Female,Undergraduate,Bangladesh,5.3,Instagram,Yes,6.1,5,Single,3,7,Medium Risk (6-7),19
162,21,Male,Graduate,India,4.8,Facebook,No,7.2,7,In Relationship,2,6,Medium Risk (6-7),21
163,20,Female,Undergraduate,Nepal,5.5,TikTok,Yes,5.9,6,Single,4,8,High Risk (8-10),20
164,22,Male,Graduate,Pakistan,4.7,Instagram,Yes,6.3,5,In Relationship,3,7,Medium Risk (6-7),22
165,19,Female,Undergraduate,Sri Lanka,5.1,Facebook,No,7.0,7,Single,2,5,Low Risk (1-5),19
166,21,Male,Graduate,Maldives,5.4,TikTok,Yes,6.0,6,In Relationship,4,8,High Risk (8-10),21
167,20,Female,Undergraduate,Bangladesh,4.9,Instagram,Yes,6.4,5,Single,3,7,Medium Risk (6-7),20
168,22,Male,Graduate,India,5.2,Facebook,No,7.1,7,In Relationship,2,6,Medium Risk (6-7),22
169,19,Female,Undergraduate,Nepal,5.6,TikTok,Yes,5.8,6,Single,4,8,High Risk (8-10),19
170,21,Male,Graduate,Pakistan,4.6,Instagram,Yes,6.5,5,In Relationship,3,7,Medium Risk (6-7),21
171,20,Female,Undergraduate,Sri Lanka,5.0,Facebook,No,7.3,7,Single,2,5,Low Risk (1-5),20
172,22,Male,Graduate,Maldives,5.3,TikTok,Yes,5.7,6,In Relationship,4,8,High Risk (8-10),22
173,19,Female,Undergraduate,Bangladesh,4.8,Instagram,Yes,6.6,5,Single,3,7,Medium Risk (6-7),19
174,21,Male,Graduate,India,5.1,Facebook,No,7.4,7,In Relationship,2,6,Medium Risk (6-7),21
175,20,Female,Undergraduate,Nepal,5.7,TikTok,Yes,5.6,6,Single,4,8,High Risk (8-10),20
176,22,Male,Graduate,Pakistan,4.5,Instagram,Yes,6.7,5,In Relationship,3,7,Medium Risk (6-7),22
177,19,Female,Undergraduate,Sri Lanka,4.9,Facebook,No,7.5,7,Single,2,5,Low Risk (1-5),19
178,21,Male,Graduate,Maldives,5.2,TikTok,Yes,5.5,6,In Relationship,4,8,High Risk (8-10),21
179,20,Female,Undergraduate,Bangladesh,4.7,Instagram,Yes,6.8,5,Single,3,7,Medium Risk (6-7),20
180,22,Male,Graduate,India,5.0,Facebook,No,7.6,7,In Relationship,2,6,Medium Risk (6-7),22
181,19,Female,Undergraduate,Nepal,5.8,TikTok,Yes,5.4,6,Single,4,8,High Risk (8-10),19
182,21,Male,Graduate,Pakistan,4.4,Instagram,Yes,6.9,5,In Relationship,3,7,Medium Risk (6-7),21
183,20,Female,Undergraduate,Sri Lanka,4.8,Facebook,No,7.7,7,Single,2,5,Low Risk (1-5),20
184,22,Male,Graduate,Maldives,5.1,TikTok,Yes,5.3,6,In Relationship,4,8,High Risk (8-10),22
185,19,Female,Undergraduate,Bangladesh,4.6,Instagram,Yes,7.0,5,Single,3,7,Medium Risk (6-7),19
186,21,Male,Graduate,India,4.9,Facebook,No,7.8,7,In Relationship,2,6,Medium Risk (6-7),21
187,20,Female,Undergraduate,Nepal,5.9,TikTok,Yes,5.2,6,Single,4,8,High Risk (8-10),20
188,22,Male,Graduate,Pakistan,4.3,Instagram,Yes,7.1,5,In Relationship,3,7,Medium Risk (6-7),22
189,19,Female,Undergraduate,Sri Lanka,4.7,Facebook,No,7.9,7,Single,2,5,Low Risk (1-5),19
190,21,Male,Graduate,Maldives,5.0,TikTok,Yes,5.1,6,In Relationship,4,8,High Risk (8-10),21
191,20,Female,Undergraduate,Bangladesh,4.5,Instagram,Yes,7.2,5,Single,3,7,Medium Risk (6-7),20
192,22,Male,Graduate,India,4.8,Facebook,No,8.0,7,In Relationship,2,6,Medium Risk (6-7),22
193,19,Female,Undergraduate,Nepal,6.0,TikTok,Yes,5.0,6,Single,4,8,High Risk (8-10),19
194,21,Male,Graduate,Pakistan,4.2,Instagram,Yes,7.3,5,In Relationship,3,7,Medium Risk (6-7),21
195,20,Female,Undergraduate,Sri Lanka,4.6,Facebook,No,8.1,7,Single,2,5,Low Risk (1-5),20
196,22,Male,Graduate,Maldives,4.9,TikTok,Yes,4.9,6,In Relationship,4,8,High Risk (8-10),22
197,19,Female,Undergraduate,Bangladesh,4.4,Instagram,Yes,7.4,5,Single,3,7,Medium Risk (6-7),19
198,21,Male,Graduate,India,4.7,Facebook,No,8.2,7,In Relationship,2,6,Medium Risk (6-7),21
199,20,Female,Undergraduate,Nepal,6.1,TikTok,Yes,4.8,6,Single,4,8,High Risk (8-10),20
200,22,Male,Graduate,Pakistan,4.1,Instagram,Yes,7.5,5,In Relationship,3,7,Medium Risk (6-7),22
201,19,Female,Undergraduate,Sri Lanka,4.5,Facebook,No,8.3,7,Single,2,5,Low Risk (1-5),19
202,21,Male,Graduate,Maldives,4.8,TikTok,Yes,4.7,6,In Relationship,4,8,High Risk (8-10),21
203,20,Female,Undergraduate,Bangladesh,4.3,Instagram,Yes,7.6,5,Single,3,7,Medium Risk (6-7),20
204,22,Male,Graduate,India,4.6,Facebook,No,8.4,7,In Relationship,2,6,Medium Risk (6-7),22
205,19,Female,Undergraduate,Nepal,6.2,TikTok,Yes,4.6,6,Single,4,8,High Risk (8-10),19
206,21,Male,Graduate,Pakistan,4.0,Instagram,Yes,7.7,5,In Relationship,3,7,Medium Risk (6-7),21
207,20,Female,Undergraduate,Sri Lanka,4.4,Facebook,No,8.5,7,Single,2,5,Low Risk (1-5),20
208,22,Male,Graduate,Maldives,4.7,TikTok,Yes,4.5,6,In Relationship,4,8,High Risk (8-10),22
209,19,Female,Undergraduate,Bangladesh,4.2,Instagram,Yes,7.8,5,Single,3,7,Medium Risk (6-7),19
210,21,Male,Graduate,India,4.5,Facebook,No,8.6,7,In Relationship,2,6,Medium Risk (6-7),21
211,20,Female,Undergraduate,Nepal,6.3,TikTok,Yes,4.4,6,Single,4,8,High Risk (8-10),20
212,22,Male,Graduate,Pakistan,3.9,Instagram,Yes,7.9,5,In Relationship,3,7,Medium Risk (6-7),22
213,19,Female,Undergraduate,Sri Lanka,4.3,Facebook,No,8.7,7,Single,2,5,Low Risk (1-5),19
214,21,Male,Graduate,Maldives,4.6,TikTok,Yes,4.3,6,In Relationship,4,8,High Risk (8-10),21
215,20,Female,Undergraduate,Bangladesh,4.1,Instagram,Yes,8.0,5,Single,3,7,Medium Risk (6-7),20
216,22,Male,Graduate,India,4.4,Facebook,No,8.8,7,In Relationship,2,6,Medium Risk (6-7),22
217,19,Female,Undergraduate,Nepal,6.4,TikTok,Yes,4.2,6,Single,4,8,High Risk (8-10),19
218,21,Male,Graduate,Pakistan,3.8,Instagram,Yes,8.1,5,In Relationship,3,7,Medium Risk (6-7),21
219,20,Female,Undergraduate,Sri Lanka,4.2,Facebook,No,8.9,7,Single,2,5,Low Risk (1-5),20
220,22,Male,Graduate,Maldives,4.5,TikTok,Yes,4.1,6,In Relationship,4,8,High Risk (8-10),22
221,19,Female,Undergraduate,USA,6.5,Instagram,Yes,6.0,5,Single,4,9,High Risk (8-10),19
222,21,Male,Graduate,UK,5.8,TikTok,Yes,6.5,6,In Relationship,3,7,Medium Risk (6-7),21
223,20,Female,Undergraduate,Australia,4.5,Instagram,No,7.5,8,Single,2,5,Low Risk (1-5),20
224,22,Male,Graduate,Germany,4.2,Facebook,No,7.8,7,In Relationship,2,4,Low Risk (1-5),22
225,19,Female,Undergraduate,Japan,3.8,LINE,No,7.9,8,Single,1,3,Low Risk (1-5),19
226,21,Male,Graduate,Italy,5.5,Instagram,Yes,6.8,6,Single,3,7,Medium Risk (6-7),21
227,20,Female,Undergraduate,South Korea,5.2,KakaoTalk,Yes,6.5,6,In Relationship,3,6,Medium Risk (6-7),20
228,22,Male,Graduate,Russia,4.8,VKontakte,No,7.2,7,Single,2,5,Low Risk (1-5),22
229,19,Female,Undergraduate,USA,7.0,TikTok,Yes,5.8,4,In Relationship,4,9,High Risk (8-10),19
230,21,Male,Graduate,UK,5.5,Instagram,Yes,6.7,6,Single,3,7,Medium Risk (6-7),21
231,20,Female,Undergraduate,Australia,4.7,Facebook,No,7.4,7,In Relationship,2,5,Low Risk (1-5),20
232,22,Male,Graduate,Germany,4.0,Instagram,No,7.9,8,Single,1,4,Low Risk (1-5),22
233,19,Female,Undergraduate,Japan,3.5,LINE,No,8.0,8,Single,1,3,Low Risk (1-5),19
234,21,Male,Graduate,Italy,5.7,TikTok,Yes,6.5,5,In Relationship,3,8,High Risk (8-10),21
235,20,Female,Undergraduate,South Korea,5.0,KakaoTalk,Yes,6.8,6,Single,3,6,Medium Risk (6-7),20
236,22,Male,Graduate,Russia,4.5,VKontakte,No,7.4,7,In Relationship,2,5,Low Risk (1-5),22
237,19,Female,Undergraduate,USA,6.8,Instagram,Yes,5.9,4,Single,4,9,High Risk (8-10),19
238,21,Male,Graduate,UK,5.6,Facebook,Yes,6.6,6,In Relationship,3,7,Medium Risk (6-7),21
239,20,Female,Undergraduate,Australia,4.6,Instagram,No,7.3,7,Single,2,5,Low Risk (1-5),20
240,22,Male,Graduate,Germany,4.1,Facebook,No,7.7,8,In Relationship,2,4,Low Risk (1-5),22
241,19,Female,Undergraduate,Japan,3.7,LINE,No,7.8,8,Single,1,3,Low Risk (1-5),19
242,21,Male,Graduate,Italy,5.4,Instagram,Yes,6.7,5,Single,3,7,Medium Risk (6-7),21
243,20,Female,Undergraduate,South Korea,5.1,KakaoTalk,Yes,6.6,6,In Relationship,3,6,Medium Risk (6-7),20
244,22,Male,Graduate,Russia,4.7,VKontakte,No,7.3,7,Single,2,5,Low Risk (1-5),22
245,19,Female,Undergraduate,USA,6.9,TikTok,Yes,5.7,4,In Relationship,4,9,High Risk (8-10),19
246,21,Male,Graduate,UK,5.7,Instagram,Yes,6.4,6,Single,3,7,Medium Risk (6-7),21
247,20,Female,Undergraduate,Australia,4.8,Facebook,No,7.2,7,In Relationship,2,5,Low Risk (1-5),20
248,22,Male,Graduate,Germany,3.9,Instagram,No,7.8,8,Single,1,4,Low Risk (1-5),22
249,19,Female,Undergraduate,Japan,3.6,LINE,No,8.1,8,Single,1,3,Low Risk (1-5),19
250,21,Male,Graduate,Italy,5.6,TikTok,Yes,6.6,5,In Relationship,3,8,High Risk (8-10),21
251,20,Female,Undergraduate,South Korea,4.9,KakaoTalk,Yes,6.9,6,Single,3,6,Medium Risk (6-7),20
252,22,Male,Graduate,Russia,4.6,VKontakte,No,7.5,7,In Relationship,2,5,Low Risk (1-5),22
253,19,Female,Undergraduate,USA,6.7,Instagram,Yes,5.8,4,Single,4,9,High Risk (8-10),19
254,21,Male,Graduate,UK,5.4,Facebook,Yes,6.5,6,In Relationship,3,7,Medium Risk (6-7),21
255,20,Female,Undergraduate,Australia,4.4,Instagram,No,7.4,7,Single,2,5,Low Risk (1-5),20
256,22,Male,Graduate,Germany,4.0,Facebook,No,7.6,8,In Relationship,2,4,Low Risk (1-5),22
257,19,Female,Undergraduate,Japan,3.4,LINE,No,8.2,8,Single,1,3,Low Risk (1-5),19
258,21,Male,Graduate,Italy,5.3,Instagram,Yes,6.8,5,Single,3,7,Medium Risk (6-7),21
259,20,Female,Undergraduate,South Korea,5.0,KakaoTalk,Yes,6.7,6,In Relationship,3,6,Medium Risk (6-7),20
260,22,Male,Graduate,Russia,4.4,VKontakte,No,7.6,7,Single,2,5,Low Risk (1-5),22
261,19,Female,Undergraduate,USA,6.6,TikTok,Yes,5.6,4,In Relationship,4,9,High Risk (8-10),19
262,21,Male,Graduate,UK,5.3,Instagram,Yes,6.3,6,Single,3,7,Medium Risk (6-7),21
263,20,Female,Undergraduate,Australia,4.3,Facebook,No,7.5,7,In Relationship,2,5,Low Risk (1-5),20
264,22,Male,Graduate,Germany,3.8,Instagram,No,7.7,8,Single,1,4,Low Risk (1-5),22
265,19,Female,Undergraduate,Japan,3.3,LINE,No,8.3,8,Single,1,3,Low Risk (1-5),19
266,21,Male,Graduate,Italy,5.2,TikTok,Yes,6.9,5,In Relationship,3,8,High Risk (8-10),21
267,20,Female,Undergraduate,South Korea,4.8,KakaoTalk,Yes,7.0,6,Single,3,6,Medium Risk (6-7),20
268,22,Male,Graduate,Russia,4.3,VKontakte,No,7.7,7,In Relationship,2,5,Low Risk (1-5),22
269,19,Female,Undergraduate,USA,6.4,Instagram,Yes,5.7,4,Single,4,9,High Risk (8-10),19
270,21,Male,Graduate,UK,5.2,Facebook,Yes,6.4,6,In Relationship,3,7,Medium Risk (6-7),21
271,20,Female,Undergraduate,Australia,4.5,Instagram,No,7.3,7,Single,2,5,Low Risk (1-5),20
272,22,Male,Graduate,Germany,3.7,Facebook,No,7.8,8,In Relationship,1,4,Low Risk (1-5),22
273,19,Female,Undergraduate,Japan,3.2,LINE,No,8.4,8,Single,1,3,Low Risk (1-5),19
274,21,Male,Graduate,Italy,5.4,Instagram,Yes,6.7,5,Single,3,7,Medium Risk (6-7),21
275,20,Female,Undergraduate,South Korea,4.7,KakaoTalk,Yes,7.1,6,In Relationship,3,6,Medium Risk (6-7),20
276,22,Male,Graduate,Russia,4.2,VKontakte,No,7.8,7,Single,2,5,Low Risk (1-5),22
277,19,Female,Undergraduate,USA,6.6,TikTok,Yes,5.5,4,In Relationship,4,9,High Risk (8-10),19
278,21,Male,Graduate,UK,5.1,Instagram,Yes,6.5,6,Single,3,7,Medium Risk (6-7),21
279,20,Female,Undergraduate,Australia,4.4,Facebook,No,7.4,7,In Relationship,2,5,Low Risk (1-5),20
280,22,Male,Graduate,Germany,3.6,Instagram,No,7.9,8,Single,1,4,Low Risk (1-5),22
281,19,Female,Undergraduate,Japan,3.1,LINE,No,8.5,8,Single,1,3,Low Risk (1-5),19
282,21,Male,Graduate,Italy,5.3,TikTok,Yes,6.8,5,In Relationship,3,8,High Risk (8-10),21
283,20,Female,Undergraduate,South Korea,4.6,KakaoTalk,Yes,7.2,6,Single,3,6,Medium Risk (6-7),20
284,22,Male,Graduate,Russia,4.1,VKontakte,No,7.9,7,In Relationship,2,5,Low Risk (1-5),22
285,19,Female,Undergraduate,USA,6.7,Instagram,Yes,5.4,4,Single,4,9,High Risk (8-10),19
286,21,Male,Graduate,UK,5.0,Facebook,Yes,6.6,6,In Relationship,3,7,Medium Risk (6-7),21
287,20,Female,Undergraduate,Australia,4.3,Instagram,No,7.5,7,Single,2,5,Low Risk (1-5),20
288,22,Male,Graduate,Germany,3.5,Facebook,No,8.0,8,In Relationship,1,4,Low Risk (1-5),22
289,19,Female,Undergraduate,Japan,3.0,LINE,No,8.6,8,Single,1,3,Low Risk (1-5),19
290,21,Male,Graduate,Italy,5.2,Instagram,Yes,6.9,5,Single,3,7,Medium Risk (6-7),21
291,20,Female,Undergraduate,South Korea,4.5,KakaoTalk,Yes,7.3,6,In Relationship,3,6,Medium Risk (6-7),20
292,22,Male,Graduate,Russia,4.0,VKontakte,No,8.0,7,Single,2,5,Low Risk (1-5),22
293,19,Female,Undergraduate,USA,6.8,TikTok,Yes,5.3,4,In Relationship,4,9,High Risk (8-10),19
294,21,Male,Graduate,UK,4.9,Instagram,Yes,6.7,6,Single,3,7,Medium Risk (6-7),21
295,20,Female,Undergraduate,Australia,4.2,Facebook,No,7.6,7,In Relationship,2,5,Low Risk (1-5),20
296,22,Male,Graduate,Germany,3.4,Instagram,No,8.1,8,Single,1,4,Low Risk (1-5),22
297,19,Female,Undergraduate,Japan,2.9,LINE,No,8.7,8,Single,1,3,Low Risk (1-5),19
298,21,Male,Graduate,Italy,5.1,TikTok,Yes,7.0,5,In Relationship,3,8,High Risk (8-10),21
299,20,Female,Undergraduate,South Korea,4.4,KakaoTalk,Yes,7.4,6,Single,3,6,Medium Risk (6-7),20
300,22,Male,Graduate,Russia,3.9,VKontakte,No,8.1,7,In Relationship,2,5,Low Risk (1-5),22
301,19,Female,Undergraduate,USA,6.9,Instagram,Yes,5.2,4,Single,4,9,High Risk (8-10),19
302,21,Male,Graduate,UK,4.8,Facebook,Yes,6.8,6,In Relationship,3,7,Medium Risk (6-7),21
303,20,Female,Undergraduate,Australia,4.1,Instagram,No,7.7,7,Single,2,5,Low Risk (1-5),20
304,22,Male,Graduate,Germany,3.3,Facebook,No,8.2,8,In Relationship,1,4,Low Risk (1-5),22
305,19,Female,Undergraduate,Japan,2.8,LINE,No,8.8,8,Single,1,3,Low Risk (1-5),19
306,21,Male,Graduate,Italy,5.0,Instagram,Yes,7.1,5,Single,3,7,Medium Risk (6-7),21
307,20,Female,Undergraduate,South Korea,4.3,KakaoTalk,Yes,7.5,6,In Relationship,3,6,Medium Risk (6-7),20
308,22,Male,Graduate,Russia,3.8,VKontakte,No,8.2,7,Single,2,5,Low Risk (1-5),22
309,19,Female,Undergraduate,USA,7.0,TikTok,Yes,5.1,4,In Relationship,4,9,High Risk (8-10),19
310,21,Male,Graduate,UK,4.7,Instagram,Yes,6.9,6,Single,3,7,Medium Risk (6-7),21
311,20,Female,Undergraduate,Australia,4.0,Facebook,No,7.8,7,In Relationship,2,5,Low Risk (1-5),20
312,22,Male,Graduate,Germany,3.2,Instagram,No,8.3,8,Single,1,4,Low Risk (1-5),22
313,19,Female,Undergraduate,Japan,2.7,LINE,No,8.9,8,Single,1,3,Low Risk (1-5),19
314,21,Male,Graduate,Italy,4.9,TikTok,Yes,7.2,5,In Relationship,3,8,High Risk (8-10),21
315,20,Female,Undergraduate,South Korea,4.2,KakaoTalk,Yes,7.6,6,Single,3,6,Medium Risk (6-7),20
316,22,Male,Graduate,Russia,3.7,VKontakte,No,8.3,7,In Relationship,2,5,Low Risk (1-5),22
317,19,Female,Undergraduate,USA,7.1,Instagram,Yes,5.0,4,Single,4,9,High Risk (8-10),19
318,21,Male,Graduate,UK,4.6,Facebook,Yes,7.0,6,In Relationship,3,7,Medium Risk (6-7),21
319,20,Female,Undergraduate,Australia,3.9,Instagram,No,7.9,7,Single,2,5,Low Risk (1-5),20
320,22,Male,Graduate,Germany,3.1,Facebook,No,8.4,8,In Relationship,1,4,Low Risk (1-5),22
321,19,Female,Undergraduate,Spain,5.2,Instagram,Yes,6.8,6,Single,3,7,Medium Risk (6-7),19
322,21,Male,Graduate,Denmark,4.1,Facebook,No,7.8,8,In Relationship,2,4,Low Risk (1-5),21
323,20,Female,Undergraduate,Ireland,5.0,Instagram,Yes,7.0,7,Single,3,6,Medium Risk (6-7),20
324,22,Male,Graduate,India,5.8,WhatsApp,Yes,6.5,5,In Relationship,4,8,High Risk (8-10),22
325,19,Female,Undergraduate,Switzerland,4.0,Instagram,No,7.9,8,Single,2,4,Low Risk (1-5),19
326,21,Male,Graduate,Turkey,5.5,Instagram,Yes,6.7,6,Single,3,7,Medium Risk (6-7),21
327,20,Female,Undergraduate,USA,6.8,TikTok,Yes,5.5,5,In Relationship,4,9,High Risk (8-10),20
328,22,Male,Graduate,Mexico,5.6,WhatsApp,Yes,6.6,6,Single,3,7,Medium Risk (6-7),22
329,19,Female,Undergraduate,France,4.5,Instagram,No,7.5,7,In Relationship,2,5,Low Risk (1-5),19
330,21,Male,Graduate,Canada,5.3,Instagram,Yes,6.9,6,Single,3,7,Medium Risk (6-7),21
331,20,Female,Undergraduate,Spain,5.1,TikTok,Yes,6.7,6,Single,3,7,Medium Risk (6-7),20
332,22,Male,Graduate,Denmark,3.9,Facebook,No,7.9,8,In Relationship,2,4,Low Risk (1-5),22
333,19,Female,Undergraduate,Ireland,4.8,Instagram,Yes,7.1,7,Single,3,6,Medium Risk (6-7),19
334,21,Male,Graduate,India,5.9,WhatsApp,Yes,6.4,5,In Relationship,4,8,High Risk (8-10),21
335,20,Female,Undergraduate,Switzerland,3.8,Instagram,No,8.0,8,Single,2,4,Low Risk (1-5),20
336,22,Male,Graduate,Turkey,5.4,TikTok,Yes,6.8,6,Single,3,7,Medium Risk (6-7),22
337,19,Female,Undergraduate,USA,6.9,Instagram,Yes,5.4,5,In Relationship,4,9,High Risk (8-10),19
338,21,Male,Graduate,Mexico,5.7,WhatsApp,Yes,6.5,6,Single,3,7,Medium Risk (6-7),21
339,20,Female,Undergraduate,France,4.4,Instagram,No,7.6,7,In Relationship,2,5,Low Risk (1-5),20
340,22,Male,Graduate,Canada,5.2,TikTok,Yes,7.0,6,Single,3,7,Medium Risk (6-7),22
341,19,Female,Undergraduate,Spain,5.0,Instagram,Yes,6.9,6,Single,3,7,Medium Risk (6-7),19
342,21,Male,Graduate,Denmark,3.8,Facebook,No,8.0,8,In Relationship,2,4,Low Risk (1-5),21
343,20,Female,Undergraduate,Ireland,4.7,TikTok,Yes,7.2,7,Single,3,6,Medium Risk (6-7),20
344,22,Male,Graduate,India,6.0,WhatsApp,Yes,6.3,5,In Relationship,4,8,High Risk (8-10),22
345,19,Female,Undergraduate,Switzerland,3.7,Instagram,No,8.1,8,Single,2,4,Low Risk (1-5),19
346,21,Male,Graduate,Turkey,5.3,Instagram,Yes,6.9,6,Single,3,7,Medium Risk (6-7),21
347,20,Female,Undergraduate,USA,7.0,TikTok,Yes,5.3,5,In Relationship,4,9,High Risk (8-10),20
348,22,Male,Graduate,Mexico,5.8,WhatsApp,Yes,6.4,6,Single,3,7,Medium Risk (6-7),22
349,19,Female,Undergraduate,France,4.3,Instagram,No,7.7,7,In Relationship,2,5,Low Risk (1-5),19
350,21,Male,Graduate,Canada,5.1,Instagram,Yes,7.1,6,Single,3,7,Medium Risk (6-7),21
351,20,Female,Undergraduate,Spain,4.9,TikTok,Yes,7.0,6,Single,3,7,Medium Risk (6-7),20
352,22,Male,Graduate,Denmark,3.7,Facebook,No,8.1,8,In Relationship,2,4,Low Risk (1-5),22
353,19,Female,Undergraduate,Ireland,4.6,Instagram,Yes,7.3,7,Single,3,6,Medium Risk (6-7),19
354,21,Male,Graduate,India,6.1,WhatsApp,Yes,6.2,5,In Relationship,4,8,High Risk (8-10),21
355,20,Female,Undergraduate,Switzerland,3.6,Instagram,No,8.2,8,Single,2,4,Low Risk (1-5),20
356,22,Male,Graduate,Turkey,5.2,TikTok,Yes,7.0,6,Single,3,7,Medium Risk (6-7),22
357,19,Female,Undergraduate,USA,7.1,Instagram,Yes,5.2,5,In Relationship,4,9,High Risk (8-10),19
358,21,Male,Graduate,Mexico,5.9,WhatsApp,Yes,6.3,6,Single,3,7,Medium Risk (6-7),21
359,20,Female,Undergraduate,France,4.2,Instagram,No,7.8,7,In Relationship,2,5,Low Risk (1-5),20
360,22,Male,Graduate,Canada,5.0,TikTok,Yes,7.2,6,Single,3,7,Medium Risk (6-7),22
361,19,Female,Undergraduate,Spain,4.8,Instagram,Yes,7.1,6,Single,3,7,Medium Risk (6-7),19
362,21,Male,Graduate,Denmark,3.6,Facebook,No,8.2,8,In Relationship,2,4,Low Risk (1-5),21
363,20,Female,Undergraduate,Ireland,4.5,TikTok,Yes,7.4,7,Single,3,6,Medium Risk (6-7),20
364,22,Male,Graduate,India,6.2,WhatsApp,Yes,6.1,5,In Relationship,4,8,High Risk (8-10),22
365,19,Female,Undergraduate,Switzerland,3.5,Instagram,No,8.3,8,Single,2,4,Low Risk (1-5),19
366,21,Male,Graduate,Turkey,5.1,Instagram,Yes,7.1,6,Single,3,7,Medium Risk (6-7),21
367,20,Female,Undergraduate,USA,7.2,TikTok,Yes,5.1,5,In Relationship,4,9,High Risk (8-10),20
368,22,Male,Graduate,Mexico,6.0,WhatsApp,Yes,6.2,6,Single,3,7,Medium Risk (6-7),22
369,19,Female,Undergraduate,France,4.1,Instagram,No,7.9,7,In Relationship,2,5,Low Risk (1-5),19
370,21,Male,Graduate,Canada,4.9,Instagram,Yes,7.3,6,Single,3,7,Medium Risk (6-7),21
371,20,Female,Undergraduate,Spain,4.7,TikTok,Yes,7.2,6,Single,3,7,Medium Risk (6-7),20
372,22,Male,Graduate,Denmark,3.5,Facebook,No,8.3,8,In Relationship,2,4,Low Risk (1-5),22
373,19,Female,Undergraduate,Ireland,4.4,Instagram,Yes,7.5,7,Single,3,6,Medium Risk (6-7),19
374,21,Male,Graduate,India,6.3,WhatsApp,Yes,6.0,5,In Relationship,4,8,High Risk (8-10),21
375,20,Female,Undergraduate,Switzerland,3.4,Instagram,No,8.4,8,Single,2,4,Low Risk (1-5),20
376,22,Male,Graduate,Turkey,5.0,TikTok,Yes,7.2,6,Single,3,7,Medium Risk (6-7),22
377,19,Female,Undergraduate,USA,7.3,Instagram,Yes,5.0,5,In Relationship,4,9,High Risk (8-10),19
378,21,Male,Graduate,Mexico,6.1,WhatsApp,Yes,6.1,6,Single,3,7,Medium Risk (6-7),21
379,20,Female,Undergraduate,France,4.0,Instagram,No,8.0,7,In Relationship,2,5,Low Risk (1-5),20
380,22,Male,Graduate,Canada,4.8,TikTok,Yes,7.4,6,Single,3,7,Medium Risk (6-7),22
381,19,Female,Undergraduate,Spain,4.6,Instagram,Yes,7.3,6,Single,3,7,Medium Risk (6-7),19
382,21,Male,Graduate,Denmark,3.4,Facebook,No,8.4,8,In Relationship,2,4,Low Risk (1-5),21
383,20,Female,Undergraduate,Ireland,4.3,TikTok,Yes,7.6,7,Single,3,6,Medium Risk (6-7),20
384,22,Male,Graduate,India,6.4,WhatsApp,Yes,5.9,5,In Relationship,4,8,High Risk (8-10),22
385,19,Female,Undergraduate,Switzerland,3.3,Instagram,No,8.5,8,Single,2,4,Low Risk (1-5),19
386,21,Male,Graduate,Turkey,4.9,Instagram,Yes,7.3,6,Single,3,7,Medium Risk (6-7),21
387,20,Female,Undergraduate,USA,7.4,TikTok,Yes,4.9,5,In Relationship,4,9,High Risk (8-10),20
388,22,Male,Graduate,Mexico,6.2,WhatsApp,Yes,6.0,6,Single,3,7,Medium Risk (6-7),22
389,19,Female,Undergraduate,France,3.9,Instagram,No,8.1,7,In Relationship,2,5,Low Risk (1-5),19
390,21,Male,Graduate,Canada,4.7,Instagram,Yes,7.5,6,Single,3,7,Medium Risk (6-7),21
391,20,Female,Undergraduate,Spain,4.5,TikTok,Yes,7.4,6,Single,3,7,Medium Risk (6-7),20
392,22,Male,Graduate,Denmark,3.3,Facebook,No,8.5,8,In Relationship,2,4,Low Risk (1-5),22
393,19,Female,Undergraduate,Ireland,4.2,Instagram,Yes,7.7,7,Single,3,6,Medium Risk (6-7),19
394,21,Male,Graduate,India,6.5,WhatsApp,Yes,5.8,5,In Relationship,4,8,High Risk (8-10),21
395,20,Female,Undergraduate,Switzerland,3.2,Instagram,No,8.6,8,Single,2,4,Low Risk (1-5),20
396,22,Male,Graduate,Turkey,4.8,TikTok,Yes,7.4,6,Single,3,7,Medium Risk (6-7),22
397,19,Female,Undergraduate,USA,7.5,Instagram,Yes,4.8,5,In Relationship,4,9,High Risk (8-10),19
398,21,Male,Graduate,Mexico,6.3,WhatsApp,Yes,5.9,6,Single,3,7,Medium Risk (6-7),21
399,20,Female,Undergraduate,France,3.8,Instagram,No,8.2,7,In Relationship,2,5,Low Risk (1-5),20
400,22,Male,Graduate,Canada,4.6,TikTok,Yes,7.6,6,Single,3,7,Medium Risk (6-7),22
401,19,Female,Undergraduate,Spain,4.4,Instagram,Yes,7.5,6,Single,3,7,Medium Risk (6-7),19
402,21,Male,Graduate,Denmark,3.2,Facebook,No,8.6,8,In Relationship,2,4,Low Risk (1-5),21
403,20,Female,Undergraduate,Ireland,4.1,TikTok,Yes,7.8,7,Single,3,6,Medium Risk (6-7),20
404,22,Male,Graduate,India,6.6,WhatsApp,Yes,5.7,5,In Relationship,4,8,High Risk (8-10),22
405,19,Female,Undergraduate,Switzerland,3.1,Instagram,No,8.7,8,Single,2,4,Low Risk (1-5),19
406,21,Male,Graduate,Turkey,4.7,Instagram,Yes,7.5,6,Single,3,7,Medium Risk (6-7),21
407,20,Female,Undergraduate,USA,7.6,TikTok,Yes,4.7,5,In Relationship,4,9,High Risk (8-10),20
408,22,Male,Graduate,Mexico,6.4,WhatsApp,Yes,5.8,6,Single,3,7,Medium Risk (6-7),22
409,19,Female,Undergraduate,France,3.7,Instagram,No,8.3,7,In Relationship,2,5,Low Risk (1-5),19
410,21,Male,Graduate,Canada,4.5,Instagram,Yes,7.7,6,Single,3,7,Medium Risk (6-7),21
411,20,Female,Undergraduate,Spain,4.3,TikTok,Yes,7.6,6,Single,3,7,Medium Risk (6-7),20
412,22,Male,Graduate,Denmark,3.1,Facebook,No,8.7,8,In Relationship,2,4,Low Risk (1-5),22
413,19,Female,Undergraduate,Ireland,4.0,Instagram,Yes,7.9,7,Single,3,6,Medium Risk (6-7),19
414,21,Male,Graduate,India,6.7,WhatsApp,Yes,5.6,5,In Relationship,4,8,High Risk (8-10),21
415,20,Female,Undergraduate,Switzerland,3.0,Instagram,No,8.8,8,Single,2,4,Low Risk (1-5),20
416,22,Male,Graduate,Turkey,4.6,TikTok,Yes,7.6,6,Single,3,7,Medium Risk (6-7),22
417,19,Female,Undergraduate,USA,7.7,Instagram,Yes,4.6,5,In Relationship,4,9,High Risk (8-10),19
418,21,Male,Graduate,Mexico,6.5,WhatsApp,Yes,5.7,6,Single,3,7,Medium Risk (6-7),21
419,20,Female,Undergraduate,France,3.6,Instagram,No,8.4,7,In Relationship,2,5,Low Risk (1-5),20
420,22,Male,Graduate,Canada,4.4,TikTok,Yes,7.8,6,Single,3,7,Medium Risk (6-7),22
421,19,Female,Undergraduate,Spain,4.2,Instagram,Yes,7.7,6,Single,3,7,Medium Risk (6-7),19
422,21,Male,Graduate,Denmark,3.0,Facebook,No,8.8,8,In Relationship,2,4,Low Risk (1-5),21
423,20,Female,Undergraduate,Ireland,3.9,TikTok,Yes,8.0,7,Single,3,6,Medium Risk (6-7),20
424,22,Male,Graduate,India,6.8,WhatsApp,Yes,5.5,5,In Relationship,4,8,High Risk (8-10),22
425,19,Female,Undergraduate,Switzerland,2.9,Instagram,No,8.9,8,Single,2,4,Low Risk (1-5),19
426,21,Male,Graduate,Turkey,4.5,Instagram,Yes,7.7,6,Single,3,7,Medium Risk (6-7),21
427,20,Female,Undergraduate,USA,7.8,TikTok,Yes,4.5,5,In Relationship,4,9,High Risk (8-10),20
428,22,Male,Graduate,Mexico,6.6,WhatsApp,Yes,5.6,6,Single,3,7,Medium Risk (6-7),22
429,19,Female,Undergraduate,France,3.5,Instagram,No,8.5,7,In Relationship,2,5,Low Risk (1-5),19
430,21,Male,Graduate,Canada,4.3,Instagram,Yes,7.9,6,Single,3,7,Medium Risk (6-7),21
431,20,Female,Undergraduate,Spain,4.1,TikTok,Yes,7.8,6,Single,3,7,Medium Risk (6-7),20
432,22,Male,Graduate,Denmark,2.9,Facebook,No,8.9,8,In Relationship,2,4,Low Risk (1-5),22
433,19,Female,Undergraduate,Ireland,3.8,Instagram,Yes,8.1,7,Single,3,6,Medium Risk (6-7),19
434,21,Male,Graduate,India,6.9,WhatsApp,Yes,5.4,5,In Relationship,4,8,High Risk (8-10),21
435,20,Female,Undergraduate,Switzerland,2.8,Instagram,No,9.0,8,Single,2,4,Low Risk (1-5),20
436,22,Male,Graduate,Turkey,4.4,TikTok,Yes,7.8,6,Single,3,7,Medium Risk (6-7),22
437,19,Female,Undergraduate,USA,7.9,Instagram,Yes,4.4,5,In Relationship,4,9,High Risk (8-10),19
438,21,Male,Graduate,Mexico,6.7,WhatsApp,Yes,5.5,6,Single,3,7,Medium Risk (6-7),21
439,20,Female,Undergraduate,France,3.4,Instagram,No,8.6,7,In Relationship,2,5,Low Risk (1-5),20
440,22,Male,Graduate,Canada,4.2,TikTok,Yes,8.0,6,Single,3,7,Medium Risk (6-7),22
441,19,Female,Undergraduate,Spain,4.0,Instagram,Yes,7.9,6,Single,3,7,Medium Risk (6-7),19
442,21,Male,Graduate,Denmark,2.8,Facebook,No,9.0,8,In Relationship,2,4,Low Risk (1-5),21
443,20,Female,Undergraduate,Ireland,3.7,TikTok,Yes,8.2,7,Single,3,6,Medium Risk (6-7),20
444,22,Male,Graduate,India,7.0,WhatsApp,Yes,5.3,5,In Relationship,4,8,High Risk (8-10),22
445,19,Female,Undergraduate,Switzerland,2.7,Instagram,No,9.1,8,Single,2,4,Low Risk (1-5),19
446,21,Male,Graduate,Turkey,4.3,Instagram,Yes,7.9,6,Single,3,7,Medium Risk (6-7),21
447,20,Female,Undergraduate,USA,8.0,TikTok,Yes,4.3,5,In Relationship,4,9,High Risk (8-10),20
448,22,Male,Graduate,Mexico,6.8,WhatsApp,Yes,5.4,6,Single,3,7,Medium Risk (6-7),22
449,19,Female,Undergraduate,France,3.3,Instagram,No,8.7,7,In Relationship,2,5,Low Risk (1-5),19
450,21,Male,Graduate,Canada,4.1,Instagram,Yes,8.1,6,Single,3,7,Medium Risk (6-7),21
451,20,Female,Undergraduate,Spain,3.9,TikTok,Yes,8.0,6,Single,3,7,Medium Risk (6-7),20
452,22,Male,Graduate,Denmark,2.7,Facebook,No,9.1,8,In Relationship,2,4,Low Risk (1-5),22
453,19,Female,Undergraduate,Ireland,3.6,Instagram,Yes,8.3,7,Single,3,6,Medium Risk (6-7),19
454,21,Male,Graduate,India,7.1,WhatsApp,Yes,5.2,5,In Relationship,4,8,High Risk (8-10),21
455,20,Female,Undergraduate,Switzerland,2.6,Instagram,No,9.2,8,Single,2,4,Low Risk (1-5),20
456,22,Male,Graduate,Turkey,4.2,TikTok,Yes,8.0,6,Single,3,7,Medium Risk (6-7),22
457,19,Female,Undergraduate,USA,8.1,Instagram,Yes,4.2,5,In Relationship,4,9,High Risk (8-10),19
458,21,Male,Graduate,Mexico,6.9,WhatsApp,Yes,5.3,6,Single,3,7,Medium Risk (6-7),21
459,20,Female,Undergraduate,France,3.2,Instagram,No,8.8,7,In Relationship,2,5,Low Risk (1-5),20
460,22,Male,Graduate,Canada,4.0,TikTok,Yes,8.2,6,Single,3,7,Medium Risk (6-7),22
461,19,Female,Undergraduate,Spain,3.8,Instagram,Yes,8.1,6,Single,3,7,Medium Risk (6-7),19
462,21,Male,Graduate,Denmark,2.6,Facebook,No,9.2,8,In Relationship,2,4,Low Risk (1-5),21
463,20,Female,Undergraduate,Ireland,3.5,TikTok,Yes,8.4,7,Single,3,6,Medium Risk (6-7),20
464,22,Male,Graduate,India,7.2,WhatsApp,Yes,5.1,5,In Relationship,4,8,High Risk (8-10),22
465,19,Female,Undergraduate,Switzerland,2.5,Instagram,No,9.3,8,Single,2,4,Low Risk (1-5),19
466,21,Male,Graduate,Turkey,4.1,Instagram,Yes,8.1,6,Single,3,7,Medium Risk (6-7),21
467,20,Female,Undergraduate,USA,8.2,TikTok,Yes,4.1,5,In Relationship,4,9,High Risk (8-10),20
468,22,Male,Graduate,Mexico,7.0,WhatsApp,Yes,5.2,6,Single,3,7,Medium Risk (6-7),22
469,19,Female,Undergraduate,France,3.1,Instagram,No,8.9,7,In Relationship,2,5,Low Risk (1-5),19
470,21,Male,Graduate,Canada,3.9,Instagram,Yes,8.3,6,Single,3,7,Medium Risk (6-7),21
471,20,Female,Undergraduate,Spain,3.7,TikTok,Yes,8.2,6,Single,3,7,Medium Risk (6-7),20
472,22,Male,Graduate,Denmark,2.5,Facebook,No,9.3,8,In Relationship,2,4,Low Risk (1-5),22
473,19,Female,Undergraduate,Ireland,3.4,Instagram,Yes,8.5,7,Single,3,6,Medium Risk (6-7),19
474,21,Male,Graduate,India,7.3,WhatsApp,Yes,5.0,5,In Relationship,4,8,High Risk (8-10),21
475,20,Female,Undergraduate,Switzerland,2.4,Instagram,No,9.4,8,Single,2,4,Low Risk (1-5),20
476,22,Male,Graduate,Turkey,4.0,TikTok,Yes,8.2,6,Single,3,7,Medium Risk (6-7),22
477,19,Female,Undergraduate,USA,8.3,Instagram,Yes,4.0,5,In Relationship,4,9,High Risk (8-10),19
478,21,Male,Graduate,Mexico,7.1,WhatsApp,Yes,5.1,6,Single,3,7,Medium Risk (6-7),21
479,20,Female,Undergraduate,France,3.0,Instagram,No,9.0,7,In Relationship,2,5,Low Risk (1-5),20
480,22,Male,Graduate,Canada,3.8,TikTok,Yes,8.4,6,Single,3,7,Medium Risk (6-7),22
481,19,Female,Undergraduate,Spain,3.6,Instagram,Yes,8.3,6,Single,3,7,Medium Risk (6-7),19
482,21,Male,Graduate,Denmark,2.4,Facebook,No,9.4,8,In Relationship,2,4,Low Risk (1-5),21
483,20,Female,Undergraduate,Ireland,3.3,TikTok,Yes,8.6,7,Single,3,6,Medium Risk (6-7),20
484,22,Male,Graduate,India,7.4,WhatsApp,Yes,4.9,5,In Relationship,4,8,High Risk (8-10),22
485,19,Female,Undergraduate,Switzerland,2.3,Instagram,No,9.5,8,Single,2,4,Low Risk (1-5),19
486,21,Male,Graduate,Turkey,3.9,Instagram,Yes,8.3,6,Single,3,7,Medium Risk (6-7),21
487,20,Female,Undergraduate,USA,8.4,TikTok,Yes,3.9,5,In Relationship,4,9,High Risk (8-10),20
488,22,Male,Graduate,Mexico,7.2,WhatsApp,Yes,5.0,6,Single,3,7,Medium Risk (6-7),22
489,19,Female,Undergraduate,France,2.9,Instagram,No,9.1,7,In Relationship,2,5,Low Risk (1-5),19
490,21,Male,Graduate,Canada,3.7,Instagram,Yes,8.5,6,Single,3,7,Medium Risk (6-7),21
491,20,Female,Undergraduate,Spain,3.5,TikTok,Yes,8.4,6,Single,3,7,Medium Risk (6-7),20
492,22,Male,Graduate,Denmark,2.3,Facebook,No,9.5,8,In Relationship,2,4,Low Risk (1-5),22
493,19,Female,Undergraduate,Ireland,3.2,Instagram,Yes,8.7,7,Single,3,6,Medium Risk (6-7),19
494,21,Male,Graduate,India,7.5,WhatsApp,Yes,4.8,5,In Relationship,4,8,High Risk (8-10),21
495,20,Female,Undergraduate,Switzerland,2.2,Instagram,No,9.6,8,Single,2,4,Low Risk (1-5),20
496,22,Male,Graduate,Turkey,3.8,TikTok,Yes,8.4,6,Single,3,7,Medium Risk (6-7),22
497,19,Female,Undergraduate,USA,8.5,Instagram,Yes,3.8,5,In Relationship,4,9,High Risk (8-10),19
498,21,Male,Graduate,Mexico,7.3,WhatsApp,Yes,4.9,6,Single,3,7,Medium Risk (6-7),21
499,20,Female,Undergraduate,France,2.8,Instagram,No,9.2,7,In Relationship,2,5,Low Risk (1-5),20
500,22,Male,Graduate,Canada,3.6,TikTok,Yes,8.6,6,Single,3,7,Medium Risk (6-7),22
501,19,Female,Undergraduate,Brazil,6.2,WhatsApp,Yes,6.3,6,Single,3,7,Medium Risk (6-7),19
502,21,Male,Graduate,China,4.5,WeChat,No,7.8,7,In Relationship,2,5,Low Risk (1-5),21
503,20,Female,Undergraduate,Netherlands,3.8,Instagram,No,8.2,8,Single,2,4,Low Risk (1-5),20
504,22,Male,Graduate,New Zealand,4.7,Instagram,Yes,7.5,7,In Relationship,3,6,Medium Risk (6-7),22
505,19,Female,Undergraduate,Singapore,5.1,TikTok,Yes,7.0,6,Single,3,7,Medium Risk (6-7),19
506,21,Male,Graduate,Malaysia,5.5,WhatsApp,Yes,6.8,6,Single,3,7,Medium Risk (6-7),21
507,20,Female,Undergraduate,UAE,6.5,Instagram,Yes,6.5,5,In Relationship,4,8,High Risk (8-10),20
508,22,Male,Graduate,Poland,4.2,Facebook,No,7.9,7,Single,2,5,Low Risk (1-5),22
509,19,Female,Undergraduate,India,6.8,WhatsApp,Yes,6.0,5,In Relationship,4,8,High Risk (8-10),19
510,21,Male,Graduate,Canada,4.8,Instagram,Yes,7.4,7,Single,3,6,Medium Risk (6-7),21
511,20,Female,Undergraduate,Brazil,6.1,Instagram,Yes,6.4,6,Single,3,7,Medium Risk (6-7),20
512,22,Male,Graduate,China,4.4,WeChat,No,7.9,7,In Relationship,2,5,Low Risk (1-5),22
513,19,Female,Undergraduate,Netherlands,3.7,TikTok,No,8.3,8,Single,2,4,Low Risk (1-5),19
514,21,Male,Graduate,New Zealand,4.6,Instagram,Yes,7.6,7,In Relationship,3,6,Medium Risk (6-7),21
515,20,Female,Undergraduate,Singapore,5.2,TikTok,Yes,6.9,6,Single,3,7,Medium Risk (6-7),20
516,22,Male,Graduate,Malaysia,5.6,WhatsApp,Yes,6.7,6,Single,3,7,Medium Risk (6-7),22
517,19,Female,Undergraduate,UAE,6.6,Instagram,Yes,6.4,5,In Relationship,4,8,High Risk (8-10),19
518,21,Male,Graduate,Poland,4.1,Facebook,No,8.0,7,Single,2,5,Low Risk (1-5),21
519,20,Female,Undergraduate,India,6.9,WhatsApp,Yes,5.9,5,In Relationship,4,8,High Risk (8-10),20
520,22,Male,Graduate,Canada,4.7,TikTok,Yes,7.5,7,Single,3,6,Medium Risk (6-7),22
521,19,Female,Undergraduate,Brazil,6.0,WhatsApp,Yes,6.5,6,Single,3,7,Medium Risk (6-7),19
522,21,Male,Graduate,China,4.3,WeChat,No,8.0,7,In Relationship,2,5,Low Risk (1-5),21
523,20,Female,Undergraduate,Netherlands,3.6,Instagram,No,8.4,8,Single,2,4,Low Risk (1-5),20
524,22,Male,Graduate,New Zealand,4.5,Facebook,Yes,7.7,7,In Relationship,3,6,Medium Risk (6-7),22
525,19,Female,Undergraduate,Singapore,5.3,TikTok,Yes,6.8,6,Single,3,7,Medium Risk (6-7),19
526,21,Male,Graduate,Malaysia,5.7,WhatsApp,Yes,6.6,6,Single,3,7,Medium Risk (6-7),21
527,20,Female,Undergraduate,UAE,6.7,Instagram,Yes,6.3,5,In Relationship,4,8,High Risk (8-10),20
528,22,Male,Graduate,Poland,4.0,Facebook,No,8.1,7,Single,2,5,Low Risk (1-5),22
529,19,Female,Undergraduate,India,7.0,WhatsApp,Yes,5.8,5,In Relationship,4,8,High Risk (8-10),19
530,21,Male,Graduate,Canada,4.6,Instagram,Yes,7.6,7,Single,3,6,Medium Risk (6-7),21
531,20,Female,Undergraduate,Brazil,5.9,TikTok,Yes,6.6,6,Single,3,7,Medium Risk (6-7),20
532,22,Male,Graduate,China,4.2,WeChat,No,8.1,7,In Relationship,2,5,Low Risk (1-5),22
533,19,Female,Undergraduate,Netherlands,3.5,Instagram,No,8.5,8,Single,2,4,Low Risk (1-5),19
534,21,Male,Graduate,New Zealand,4.4,Facebook,Yes,7.8,7,In Relationship,3,6,Medium Risk (6-7),21
535,20,Female,Undergraduate,Singapore,5.4,TikTok,Yes,6.7,6,Single,3,7,Medium Risk (6-7),20
536,22,Male,Graduate,Malaysia,5.8,WhatsApp,Yes,6.5,6,Single,3,7,Medium Risk (6-7),22
537,19,Female,Undergraduate,UAE,6.8,Instagram,Yes,6.2,5,In Relationship,4,8,High Risk (8-10),19
538,21,Male,Graduate,Poland,3.9,Facebook,No,8.2,7,Single,2,5,Low Risk (1-5),21
539,20,Female,Undergraduate,India,7.1,WhatsApp,Yes,5.7,5,In Relationship,4,8,High Risk (8-10),20
540,22,Male,Graduate,Canada,4.5,TikTok,Yes,7.7,7,Single,3,6,Medium Risk (6-7),22
541,19,Female,Undergraduate,Brazil,5.8,WhatsApp,Yes,6.7,6,Single,3,7,Medium Risk (6-7),19
542,21,Male,Graduate,China,4.1,WeChat,No,8.2,7,In Relationship,2,5,Low Risk (1-5),21
543,20,Female,Undergraduate,Netherlands,3.4,Instagram,No,8.6,8,Single,2,4,Low Risk (1-5),20
544,22,Male,Graduate,New Zealand,4.3,Instagram,Yes,7.9,7,In Relationship,3,6,Medium Risk (6-7),22
545,19,Female,Undergraduate,Singapore,5.5,TikTok,Yes,6.6,6,Single,3,7,Medium Risk (6-7),19
546,21,Male,Graduate,Malaysia,5.9,WhatsApp,Yes,6.4,6,Single,3,7,Medium Risk (6-7),21
547,20,Female,Undergraduate,UAE,6.9,Instagram,Yes,6.1,5,In Relationship,4,8,High Risk (8-10),20
548,22,Male,Graduate,Poland,3.8,Facebook,No,8.3,7,Single,2,5,Low Risk (1-5),22
549,19,Female,Undergraduate,India,7.2,WhatsApp,Yes,5.6,5,In Relationship,4,8,High Risk (8-10),19
550,21,Male,Graduate,Canada,4.4,Instagram,Yes,7.8,7,Single,3,6,Medium Risk (6-7),21
551,20,Female,Undergraduate,Brazil,5.7,TikTok,Yes,6.8,6,Single,3,7,Medium Risk (6-7),20
552,22,Male,Graduate,China,4.0,WeChat,No,8.3,7,In Relationship,2,5,Low Risk (1-5),22
553,19,Female,Undergraduate,Netherlands,3.3,Instagram,No,8.7,8,Single,2,4,Low Risk (1-5),19
554,21,Male,Graduate,New Zealand,4.2,Facebook,Yes,8.0,7,In Relationship,3,6,Medium Risk (6-7),21
555,20,Female,Undergraduate,Singapore,5.6,TikTok,Yes,6.5,6,Single,3,7,Medium Risk (6-7),20
556,22,Male,Graduate,Malaysia,6.0,WhatsApp,Yes,6.3,6,Single,3,7,Medium Risk (6-7),22
557,19,Female,Undergraduate,UAE,7.0,Instagram,Yes,6.0,5,In Relationship,4,8,High Risk (8-10),19
558,21,Male,Graduate,Poland,3.7,Facebook,No,8.4,7,Single,2,5,Low Risk (1-5),21
559,20,Female,Undergraduate,India,7.3,WhatsApp,Yes,5.5,5,In Relationship,4,8,High Risk (8-10),20
560,22,Male,Graduate,Canada,4.3,TikTok,Yes,7.9,7,Single,3,6,Medium Risk (6-7),22
561,19,Female,Undergraduate,Brazil,5.6,WhatsApp,Yes,6.9,6,Single,3,7,Medium Risk (6-7),19
562,21,Male,Graduate,China,3.9,WeChat,No,8.4,7,In Relationship,2,5,Low Risk (1-5),21
563,20,Female,Undergraduate,Netherlands,3.2,Instagram,No,8.8,8,Single,2,4,Low Risk (1-5),20
564,22,Male,Graduate,New Zealand,4.1,Instagram,Yes,8.1,7,In Relationship,3,6,Medium Risk (6-7),22
565,19,Female,Undergraduate,Singapore,5.7,TikTok,Yes,6.4,6,Single,3,7,Medium Risk (6-7),19
566,21,Male,Graduate,Malaysia,6.1,WhatsApp,Yes,6.2,6,Single,3,7,Medium Risk (6-7),21
567,20,Female,Undergraduate,UAE,7.1,Instagram,Yes,5.9,5,In Relationship,4,8,High Risk (8-10),20
568,22,Male,Graduate,Poland,3.6,Facebook,No,8.5,7,Single,2,5,Low Risk (1-5),22
569,19,Female,Undergraduate,India,7.4,WhatsApp,Yes,5.4,5,In Relationship,4,8,High Risk (8-10),19
570,21,Male,Graduate,Canada,4.2,Instagram,Yes,8.0,7,Single,3,6,Medium Risk (6-7),21
571,20,Female,Undergraduate,Spain,6.1,Instagram,Yes,7.2,5,Single,4,7,Medium Risk (6-7),20
572,23,Male,Graduate,Denmark,3.8,Twitter,No,7.8,8,In Relationship,2,4,Low Risk (1-5),23
573,19,Female,Undergraduate,Ireland,5.5,TikTok,Yes,6.8,6,Single,4,8,High Risk (8-10),19
574,22,Male,Graduate,India,7.2,Facebook,Yes,5.9,4,Single,5,9,High Risk (8-10),22
575,21,Female,Undergraduate,Switzerland,4.2,Instagram,No,7.5,7,In Relationship,2,5,Low Risk (1-5),21
576,24,Male,Graduate,Turkey,6.8,TikTok,Yes,6.2,5,Single,4,8,High Risk (8-10),24
577,20,Female,Undergraduate,USA,5.9,Instagram,Yes,6.7,6,In Relationship,3,7,Medium Risk (6-7),20
578,22,Male,Graduate,Mexico,6.5,Facebook,Yes,6.1,5,Single,4,8,High Risk (8-10),22
579,19,Female,Undergraduate,France,4.7,Twitter,No,7.4,7,Single,2,5,Low Risk (1-5),19
580,23,Male,Graduate,Canada,5.2,Instagram,Yes,7.0,6,In Relationship,3,6,Medium Risk (6-7),23
581,21,Female,Undergraduate,UK,6.3,TikTok,Yes,6.4,5,Single,4,8,High Risk (8-10),21
582,24,Male,Graduate,Italy,4.9,Facebook,No,7.3,7,In Relationship,2,5,Low Risk (1-5),24
583,20,Female,Undergraduate,Russia,6.7,Instagram,Yes,6.0,5,Single,4,8,High Risk (8-10),20
584,22,Male,Graduate,China,5.8,WeChat,Yes,6.5,6,In Relationship,3,7,Medium Risk (6-7),22
585,19,Female,Undergraduate,Japan,4.5,Twitter,No,7.6,8,Single,2,4,Low Risk (1-5),19
586,23,Male,Graduate,Poland,6.4,Facebook,Yes,6.3,5,Single,4,8,High Risk (8-10),23
587,21,Female,Undergraduate,Finland,4.1,Instagram,No,7.7,7,In Relationship,2,5,Low Risk (1-5),21
588,24,Male,Graduate,Spain,6.6,TikTok,Yes,6.2,5,Single,4,8,High Risk (8-10),24
589,20,Female,Undergraduate,Denmark,4.4,Instagram,No,7.4,7,In Relationship,2,5,Low Risk (1-5),20
590,22,Male,Graduate,Ireland,5.7,Twitter,Yes,6.8,6,Single,3,7,Medium Risk (6-7),22
591,19,Female,Undergraduate,India,7.0,Instagram,Yes,5.8,4,Single,5,9,High Risk (8-10),19
592,23,Male,Graduate,Switzerland,4.3,Facebook,No,7.5,7,In Relationship,2,5,Low Risk (1-5),23
593,21,Female,Undergraduate,Turkey,6.9,TikTok,Yes,6.1,5,Single,4,8,High Risk (8-10),21
594,24,Male,Graduate,USA,5.6,Instagram,Yes,6.9,6,In Relationship,3,7,Medium Risk (6-7),24
595,20,Female,Undergraduate,Mexico,6.2,Facebook,Yes,6.3,5,Single,4,8,High Risk (8-10),20
596,21,Male,Undergraduate,France,5.8,Instagram,Yes,6.7,6,Single,3,7,Medium Risk (6-7),21
597,23,Female,Graduate,Canada,4.9,TikTok,No,7.3,7,In Relationship,2,5,Low Risk (1-5),23
598,20,Male,Undergraduate,UK,6.4,Facebook,Yes,6.2,5,Single,4,8,High Risk (8-10),20
599,22,Female,Graduate,Italy,5.1,Twitter,No,7.1,7,In Relationship,2,5,Low Risk (1-5),22
600,19,Male,Undergraduate,Russia,6.7,Instagram,Yes,6.0,4,Single,4,8,High Risk (8-10),19
601,24,Female,Graduate,China,5.5,WeChat,Yes,6.8,6,In Relationship,3,7,Medium Risk (6-7),24
602,21,Male,Undergraduate,Japan,4.3,Twitter,No,7.6,8,Single,2,4,Low Risk (1-5),21
603,23,Female,Graduate,Poland,6.2,Instagram,Yes,6.4,5,Single,4,8,High Risk (8-10),23
604,20,Male,Undergraduate,Finland,4.5,Facebook,No,7.4,7,In Relationship,2,5,Low Risk (1-5),20
605,22,Female,Graduate,Spain,6.3,TikTok,Yes,6.3,5,Single,4,8,High Risk (8-10),22
606,19,Male,Undergraduate,Denmark,4.7,Instagram,No,7.2,7,In Relationship,2,5,Low Risk (1-5),19
607,24,Female,Graduate,Ireland,5.9,Twitter,Yes,6.6,6,Single,3,7,Medium Risk (6-7),24
608,21,Male,Undergraduate,India,7.1,Facebook,Yes,5.7,4,Single,5,9,High Risk (8-10),21
609,23,Female,Graduate,Switzerland,4.4,Instagram,No,7.4,7,In Relationship,2,5,Low Risk (1-5),23
610,20,Male,Undergraduate,Turkey,6.6,TikTok,Yes,6.2,5,Single,4,8,High Risk (8-10),20
611,22,Female,Graduate,USA,5.4,Instagram,Yes,6.9,6,In Relationship,3,7,Medium Risk (6-7),22
612,19,Male,Undergraduate,Mexico,6.5,Facebook,Yes,6.1,5,Single,4,8,High Risk (8-10),19
613,24,Female,Graduate,France,4.8,Twitter,No,7.3,7,In Relationship,2,5,Low Risk (1-5),24
614,21,Male,Undergraduate,Canada,5.7,Instagram,Yes,6.7,6,Single,3,7,Medium Risk (6-7),21
615,23,Female,Graduate,UK,6.1,TikTok,Yes,6.4,5,Single,4,8,High Risk (8-10),23
616,20,Male,Undergraduate,Italy,4.6,Facebook,No,7.2,7,In Relationship,2,5,Low Risk (1-5),20
617,22,Female,Graduate,Russia,6.8,Instagram,Yes,5.9,4,Single,5,9,High Risk (8-10),22
618,19,Male,Undergraduate,China,5.6,WeChat,Yes,6.8,6,In Relationship,3,7,Medium Risk (6-7),19
619,24,Female,Graduate,Japan,4.2,Twitter,No,7.5,8,Single,2,4,Low Risk (1-5),24
620,21,Male,Undergraduate,Poland,6.3,TikTok,Yes,6.3,5,Single,4,8,High Risk (8-10),21
621,23,Female,Graduate,Finland,4.4,Instagram,No,7.4,7,In Relationship,2,5,Low Risk (1-5),23
622,20,Male,Undergraduate,Spain,6.5,Facebook,Yes,6.2,5,Single,4,8,High Risk (8-10),20
623,22,Female,Graduate,Denmark,4.6,Twitter,No,7.3,7,In Relationship,2,5,Low Risk (1-5),22
624,19,Male,Undergraduate,Ireland,5.8,Instagram,Yes,6.6,6,Single,3,7,Medium Risk (6-7),19
625,24,Female,Graduate,India,7.0,TikTok,Yes,5.8,4,Single,5,9,High Risk (8-10),24
626,21,Male,Undergraduate,Switzerland,4.5,Facebook,No,7.3,7,In Relationship,2,5,Low Risk (1-5),21
627,23,Female,Graduate,Turkey,6.7,Instagram,Yes,6.1,5,Single,4,8,High Risk (8-10),23
628,20,Male,Undergraduate,USA,5.5,Twitter,Yes,6.8,6,In Relationship,3,7,Medium Risk (6-7),20
629,22,Female,Graduate,Mexico,6.4,Facebook,Yes,6.2,5,Single,4,8,High Risk (8-10),22
630,19,Male,Undergraduate,France,4.7,Instagram,No,7.2,7,In Relationship,2,5,Low Risk (1-5),19
631,24,Female,Graduate,Canada,5.6,TikTok,Yes,6.7,6,Single,3,7,Medium Risk (6-7),24
632,21,Male,Undergraduate,UK,6.2,Facebook,Yes,6.3,5,Single,4,8,High Risk (8-10),21
633,23,Female,Graduate,Italy,4.8,Twitter,No,7.1,7,In Relationship,2,5,Low Risk (1-5),23
634,20,Male,Undergraduate,Russia,6.9,Instagram,Yes,5.9,4,Single,5,9,High Risk (8-10),20
635,22,Female,Graduate,China,5.7,WeChat,Yes,6.7,6,In Relationship,3,7,Medium Risk (6-7),22
636,19,Male,Undergraduate,Japan,4.4,Twitter,No,7.4,8,Single,2,4,Low Risk (1-5),19
637,24,Female,Graduate,Poland,6.1,TikTok,Yes,6.4,5,Single,4,8,High Risk (8-10),24
638,21,Male,Undergraduate,Finland,4.3,Instagram,No,7.5,7,In Relationship,2,5,Low Risk (1-5),21
639,23,Female,Graduate,Spain,6.4,Facebook,Yes,6.2,5,Single,4,8,High Risk (8-10),23
640,20,Male,Undergraduate,Denmark,4.5,Twitter,No,7.3,7,In Relationship,2,5,Low Risk (1-5),20
641,22,Female,Graduate,Ireland,5.9,Instagram,Yes,6.5,6,Single,3,7,Medium Risk (6-7),22
642,19,Male,Undergraduate,India,7.2,TikTok,Yes,5.7,4,Single,5,9,High Risk (8-10),19
643,24,Female,Graduate,Switzerland,4.6,Facebook,No,7.2,7,In Relationship,2,5,Low Risk (1-5),24
644,21,Male,Undergraduate,Turkey,6.8,Instagram,Yes,6.0,5,Single,4,8,High Risk (8-10),21
645,23,Female,Graduate,USA,5.3,Twitter,Yes,6.8,6,In Relationship,3,7,Medium Risk (6-7),23
646,22,Male,Graduate,Mexico,6.3,Facebook,Yes,6.2,5,Single,4,8,High Risk (8-10),22
647,20,Female,Undergraduate,France,4.8,Instagram,No,7.1,7,In Relationship,2,5,Low Risk (1-5),20
648,23,Male,Graduate,Canada,5.7,TikTok,Yes,6.6,6,Single,3,7,Medium Risk (6-7),23
649,21,Female,Undergraduate,UK,6.2,Twitter,Yes,6.3,5,Single,4,8,High Risk (8-10),21
650,24,Male,Graduate,Italy,4.7,Facebook,No,7.2,7,In Relationship,2,5,Low Risk (1-5),24
651,19,Female,Undergraduate,Russia,6.8,Instagram,Yes,5.9,4,Single,5,9,High Risk (8-10),19
652,22,Male,Graduate,China,5.6,WeChat,Yes,6.7,6,In Relationship,3,7,Medium Risk (6-7),22
653,20,Female,Undergraduate,Japan,4.3,Twitter,No,7.5,8,Single,2,4,Low Risk (1-5),20
654,23,Male,Graduate,Poland,6.2,TikTok,Yes,6.3,5,Single,4,8,High Risk (8-10),23
655,21,Female,Undergraduate,Finland,4.4,Instagram,No,7.4,7,In Relationship,2,5,Low Risk (1-5),21
656,24,Male,Graduate,Spain,6.5,Facebook,Yes,6.1,5,Single,4,8,High Risk (8-10),24
657,19,Female,Undergraduate,Denmark,4.6,Twitter,No,7.3,7,In Relationship,2,5,Low Risk (1-5),19
658,22,Male,Graduate,Ireland,5.8,Instagram,Yes,6.6,6,Single,3,7,Medium Risk (6-7),22
659,20,Female,Undergraduate,India,7.1,TikTok,Yes,5.8,4,Single,5,9,High Risk (8-10),20
660,23,Male,Graduate,Switzerland,4.5,Facebook,No,7.3,7,In Relationship,2,5,Low Risk (1-5),23
661,21,Female,Undergraduate,Turkey,6.7,Instagram,Yes,6.0,5,Single,4,8,High Risk (8-10),21
662,24,Male,Graduate,USA,5.4,Twitter,Yes,6.8,6,In Relationship,3,7,Medium Risk (6-7),24
663,19,Female,Undergraduate,Mexico,6.4,TikTok,Yes,6.2,5,Single,4,8,High Risk (8-10),19
664,22,Male,Graduate,France,4.7,Facebook,No,7.2,7,In Relationship,2,5,Low Risk (1-5),22
665,20,Female,Undergraduate,Canada,5.6,Instagram,Yes,6.7,6,Single,3,7,Medium Risk (6-7),20
666,23,Male,Graduate,UK,6.3,Twitter,Yes,6.2,5,Single,4,8,High Risk (8-10),23
667,21,Female,Undergraduate,Italy,4.8,TikTok,No,7.1,7,In Relationship,2,5,Low Risk (1-5),21
668,24,Male,Graduate,Russia,6.9,Instagram,Yes,5.9,4,Single,5,9,High Risk (8-10),24
669,19,Female,Undergraduate,China,5.7,WeChat,Yes,6.7,6,In Relationship,3,7,Medium Risk (6-7),19
670,22,Male,Graduate,Japan,4.4,Twitter,No,7.4,8,Single,2,4,Low Risk (1-5),22
671,20,Female,Undergraduate,Poland,6.1,Facebook,Yes,6.4,5,Single,4,8,High Risk (8-10),20
672,23,Male,Graduate,Finland,4.3,Instagram,No,7.5,7,In Relationship,2,5,Low Risk (1-5),23
673,21,Female,Undergraduate,Spain,6.4,TikTok,Yes,6.2,5,Single,4,8,High Risk (8-10),21
674,24,Male,Graduate,Denmark,4.5,Twitter,No,7.3,7,In Relationship,2,5,Low Risk (1-5),24
675,19,Female,Undergraduate,Ireland,5.9,Instagram,Yes,6.5,6,Single,3,7,Medium Risk (6-7),19
676,22,Male,Graduate,India,7.2,Facebook,Yes,5.7,4,Single,5,9,High Risk (8-10),22
677,20,Female,Undergraduate,Switzerland,4.6,TikTok,No,7.2,7,In Relationship,2,5,Low Risk (1-5),20
678,23,Male,Graduate,Turkey,6.8,Instagram,Yes,6.0,5,Single,4,8,High Risk (8-10),23
679,21,Female,Undergraduate,USA,5.3,Twitter,Yes,6.8,6,In Relationship,3,7,Medium Risk (6-7),21
680,24,Male,Graduate,Mexico,6.2,Facebook,Yes,6.3,5,Single,4,8,High Risk (8-10),24
681,19,Female,Undergraduate,France,4.7,Instagram,No,7.2,7,In Relationship,2,5,Low Risk (1-5),19
682,22,Male,Graduate,Canada,5.8,TikTok,Yes,6.6,6,Single,3,7,Medium Risk (6-7),22
683,20,Female,Undergraduate,UK,6.1,Twitter,Yes,6.4,5,Single,4,8,High Risk (8-10),20
684,23,Male,Graduate,Italy,4.8,Facebook,No,7.1,7,In Relationship,2,5,Low Risk (1-5),23
685,21,Female,Undergraduate,Russia,6.7,Instagram,Yes,6.0,4,Single,5,9,High Risk (8-10),21
686,24,Male,Graduate,China,5.5,WeChat,Yes,6.8,6,In Relationship,3,7,Medium Risk (6-7),24
687,19,Female,Undergraduate,Japan,4.2,Twitter,No,7.5,8,Single,2,4,Low Risk (1-5),19
688,22,Male,Graduate,Poland,6.3,TikTok,Yes,6.2,5,Single,4,8,High Risk (8-10),22
689,20,Female,Undergraduate,Finland,4.4,Instagram,No,7.4,7,In Relationship,2,5,Low Risk (1-5),20
690,23,Male,Graduate,Spain,6.5,Facebook,Yes,6.1,5,Single,4,8,High Risk (8-10),23
691,21,Female,Undergraduate,Denmark,4.6,Twitter,No,7.3,7,In Relationship,2,5,Low Risk (1-5),21
692,24,Male,Graduate,Ireland,5.9,Instagram,Yes,6.5,6,Single,3,7,Medium Risk (6-7),24
693,19,Female,Undergraduate,India,7.0,TikTok,Yes,5.8,4,Single,5,9,High Risk (8-10),19
694,22,Male,Graduate,Switzerland,4.5,Facebook,No,7.3,7,In Relationship,2,5,Low Risk (1-5),22
695,20,Female,Undergraduate,Turkey,6.6,Instagram,Yes,6.1,5,Single,4,8,High Risk (8-10),20
696,23,Male,Graduate,USA,5.5,Twitter,Yes,6.7,6,In Relationship,3,7,Medium Risk (6-7),23
697,21,Female,Undergraduate,Mexico,6.3,TikTok,Yes,6.2,5,Single,4,8,High Risk (8-10),21
698,24,Male,Graduate,France,4.8,Facebook,No,7.1,7,In Relationship,2,5,Low Risk (1-5),24
699,19,Female,Undergraduate,Canada,5.7,Instagram,Yes,6.6,6,Single,3,7,Medium Risk (6-7),19
700,22,Male,Graduate,UK,6.2,Twitter,Yes,6.3,5,Single,4,8,High Risk (8-10),22
701,20,Female,Undergraduate,Italy,4.7,TikTok,No,7.2,7,In Relationship,2,5,Low Risk (1-5),20
702,23,Male,Graduate,Russia,6.8,Instagram,Yes,5.9,4,Single,5,9,High Risk (8-10),23
703,21,Female,Undergraduate,China,5.6,WeChat,Yes,6.7,6,In Relationship,3,7,Medium Risk (6-7),21
704,24,Male,Graduate,Japan,4.3,Twitter,No,7.5,8,Single,2,4,Low Risk (1-5),24
705,19,Female,Undergraduate,Poland,6.2,Facebook,Yes,6.3,5,Single,4,8,High Risk (8-10),19
